Date,New Cars Sold,Used Cars Sold,Value of New Cars Sold,Value of Used Cars Sold,Cars Sold,Monthly Change in Cars Sold,Monthly Change in Cars Sold (%),Total Value of Cars Sold,Monthly Change in Value of Cars Sold,Monthly Change in Value of Cars Sold (%),Monthly Change in Number of New Cars Sold,Monthly Change in Number of New Cars Sold (%),Monthly Change in Value of New Cars Sold,Monthly Change in Value of New Cars Sold (%),Monthly Change in Number of Used Cars Sold,Monthly Change in Number of Used Cars Sold (%),Monthly Change in Value of Used Cars Sold,Monthly Change in Value of Used Cars Sold (%)
2002-02-01,31106,49927,755015820,386481929,81033,,,1141497749,,,,,,,,,,
2002-03-01,27520,50982,664454223,361353242,78502,-2531.0,-3.123418854047122,1025807465,-115690284.0,-10.13495507120794,-3586.0,-11.528322510126666,-90561597.0,-11.99466217807198,1055.0,2.1130851042522103,-25128687.0,-6.501904775992773
2002-04-01,34225,58794,805666244,419385387,93019,14517.0,18.492522483503613,1225051631,199244166.0,19.423154227094663,6705.0,24.36409883720929,141212021.0,21.252332532771035,7812.0,15.323055195951518,58032145.0,16.05967188195312
2002-05-01,36452,59817,846368297,433061150,96269,3250.0,3.493909846375476,1279429447,54377816.0,4.438818301528391,2227.0,6.506939371804243,40702053.0,5.051974474929111,1023.0,1.7399734666802669,13675763.0,3.260905940912062
2002-06-01,37359,60577,855005784,442569410,97936,1667.0,1.7316062283808886,1297575194,18145747.0,1.418268669878442,907.0,2.4882036650938133,8637487.0,1.0205352717742366,760.0,1.270541819215265,9508260.0,2.1955929318526968
2002-07-01,36348,55415,830251613,414731166,91763,-6173.0,-6.303095899362853,1244982779,-52592415.0,-4.053130426906115,-1011.0,-2.7061752188227706,-24754171.0,-2.8952050925540873,-5162.0,-8.521386004589203,-27838244.0,-6.290141923726722
2002-08-01,30367,55235,700530891,384673023,85602,-6161.0,-6.714035068600632,1085203914,-159778865.0,-12.83382129416587,-5981.0,-16.454825574997244,-129720722.0,-15.6242661825458,-180.0,-0.32482179915185316,-30058143.0,-7.247620980575165
2002-09-01,38965,60310,934484212,455453720,99275,13673.0,15.9727576458494,1389937932,304734018.0,28.08080712469676,8598.0,28.313629927223637,233953321.0,33.39657451308595,5075.0,9.188014845659453,70780697.0,18.40022376614645
2002-10-01,39740,55485,950502055,432112270,95225,-4050.0,-4.07957693276253,1382614325,-7323607.0,-0.5269017293068612,775.0,1.9889644552803842,16017843.0,1.7140838544204229,-4825.0,-8.000331619963518,-23341450.0,-5.12487854968009
2002-11-01,35276,58020,865326154,456738532,93296,-1929.0,-2.025728537673932,1322064686,-60549639.0,-4.379358574922909,-4464.0,-11.233014594866631,-85175901.0,-8.961148537443197,2535.0,4.568802379021353,24626262.0,5.699042519667397
2002-12-01,27812,49066,691740703,379196575,76878,-16418.0,-17.597753387069115,1070937278,-251127408.0,-18.99509234754645,-7464.0,-21.158861548928453,-173585451.0,-20.060118395543146,-8954.0,-15.432609445018963,-77541957.0,-16.977318874423318
2003-01-01,26994,42461,673208880,374453368,69455,-7423.0,-9.655558157080046,1047662248,-23275030.0,-2.173332694466168,-818.0,-2.941176470588236,-18531823.0,-2.679012948006332,-6605.0,-13.461460074185794,-4743207.0,-1.2508570258051521
2003-02-01,34707,49481,860730784,392438833,84188,14733.0,21.21229573104888,1253169617,205507369.0,19.615803603911086,7713.0,28.573016225827953,187521904.0,27.854936197514203,7020.0,16.532818350957346,17985465.0,4.803125445516088
2003-03-01,24585,41048,615749948,323297077,65633,-18555.0,-22.03995818881551,939047025,-314122592.0,-25.066247037810207,-10122.0,-29.164145561414124,-244980836.0,-28.461958205040805,-8433.0,-17.042905357612014,-69141756.0,-17.61847966763269
2003-04-01,32705,56513,791728069,413899574,89218,23585.0,35.93466701202139,1205627643,266580618.0,28.388420484054034,8120.0,33.028269269880006,175978121.0,28.57947801239604,15465.0,37.67540440459949,90602497.0,28.02453329944583
2003-05-01,37682,61856,909778220,458127973,99538,10320.0,11.567172543657112,1367906193,162278550.0,13.460088688427652,4977.0,15.217856596850643,118050151.0,14.91044155464949,5343.0,9.45446180524836,44228399.0,10.685780266108713
2003-06-01,38472,61742,917339608,469734647,100214,676.0,0.6791376157849305,1387074255,19168062.0,1.4012702112242037,790.0,2.096491693646829,7561388.0,0.8311243151105652,-114.0,-0.18429901707190943,11606674.0,2.533500393786259
2003-07-01,38573,59904,941898387,455117890,98477,-1737.0,-1.7332907577783496,1397016277,9942022.0,0.7167620597211544,101.0,0.26252859222291036,24558779.0,2.6771741660150727,-1838.0,-2.976903890382565,-14616757.0,-3.1117051069899038
2003-08-01,41088,62811,990041754,489374362,103899,5422.0,5.50585415883913,1479416116,82399839.0,5.898273367075446,2515.0,6.520104736473709,48143367.0,5.111312182340533,2907.0,4.852764423076916,34256472.0,7.526944721948858
2003-09-01,39556,60829,985375378,460316726,100385,-3514.0,-3.3821307231060915,1445692104,-33724012.0,-2.2795487784182056,-1532.0,-3.7285825545171347,-4666376.0,-0.47133123235931773,-1982.0,-3.1554982407540066,-29057636.0,-5.937711138206292
2003-10-01,40464,58279,1012404987,446119525,98743,-1642.0,-1.6357025452009788,1458524512,12832408.0,0.8876307731428223,908.0,2.2954798260693687,27029609.0,2.7430773696478505,-2550.0,-4.192079435795426,-14197201.0,-3.084224447668671
2003-11-01,38597,62417,980365678,470520906,101014,2271.0,2.299909867028549,1450886584,-7637928.0,-0.5236749836673327,-1867.0,-4.613977856860418,-32039309.0,-3.1646731704611852,4138.0,7.10032773383209,24401381.0,5.4696958175054045
2003-12-01,30155,50655,779674957,385164663,80810,-20204.0,-20.00118795414497,1164839620,-286046964.0,-19.715322145400716,-8442.0,-21.87216623053605,-200690721.0,-20.471006431948958,-11762.0,-18.844225130973935,-85356243.0,-18.14079712751382
2004-01-01,31668,49823,838060569,401959321,81491,681.0,0.8427174854597208,1240019890,75180270.0,6.454130569494199,1513.0,5.0174100480848915,58385612.0,7.488455474400979,-832.0,-1.6424834665876964,16794658.0,4.360383911958188
2004-02-01,33361,46427,891062280,367825717,79788,-1703.0,-2.0898013277539818,1258887997,18868107.0,1.5215971253493388,1693.0,5.34609069091827,53001711.0,6.324329405360674,-3396.0,-6.816129097003387,-34133604.0,-8.491805567558908
2004-03-01,27780,50842,721703209,377496734,78622,-1166.0,-1.4613726374893443,1099199943,-159688054.0,-12.684849993053039,-5581.0,-16.72911483468721,-169359071.0,-19.006423546511254,4415.0,9.50955263101212,9671017.0,2.6292389447037934
2004-04-01,39340,68766,975737236,502144505,108106,29484.0,37.500953931469574,1477881741,378681798.0,34.450674821405094,11560.0,41.612670986321085,254034027.0,35.199237558052765,17924.0,35.254317296723194,124647771.0,33.01956275997875
2004-05-01,37478,64059,919596999,472014215,101537,-6569.0,-6.076443490648065,1391611214,-86270527.0,-5.837444540158232,-1862.0,-4.733096085409249,-56140237.0,-5.753622484486187,-4707.0,-6.844952447430419,-30130290.0,-6.00032255655173
2004-06-01,37819,58589,916954404,431929913,96408,-5129.0,-5.051360587766041,1348884317,-42726897.0,-3.070318532227634,341.0,0.9098671220449273,-2642595.0,-0.28736446539883165,-5470.0,-8.539003106511188,-40084302.0,-8.492181109418496
2004-07-01,42758,65073,1038212129,486125865,107831,11423.0,11.84860177578624,1524337994,175453677.0,13.007318328840789,4939.0,13.059573230386846,121257725.0,13.223964514597618,6484.0,11.066923825291441,54195952.0,12.547394928861987
2004-08-01,38329,60994,958264422,474975823,99323,-8508.0,-7.890124361269024,1433240245,-91097749.0,-5.976217174837406,-4429.0,-10.358295523644701,-79947707.0,-7.700517530748286,-4079.0,-6.268344782014045,-11150042.0,-2.2936533113702917
2004-09-01,37175,61106,950681015,470372767,98281,-1042.0,-1.0491024234064672,1421053782,-12186463.0,-0.8502735701508279,-1154.0,-3.0107751311017728,-7583407.0,-0.7913689401274682,112.0,0.18362461881495928,-4603056.0,-0.9691137479222789
2004-10-01,38712,60238,1004251102,478484210,98950,669.0,0.6807012545659852,1482735312,61681530.0,4.340548597195881,1537.0,4.134498991257574,53570087.0,5.634917091512559,-868.0,-1.4204824403495575,8111443.0,1.724471221353685
2004-11-01,34839,57046,913403542,452470718,91885,-7065.0,-7.139969681657399,1365874260,-116861052.0,-7.881450657728717,-3873.0,-10.004649721016733,-90847560.0,-9.046299259126922,-3192.0,-5.29898070985092,-26013492.0,-5.4366458613127495
2004-12-01,29859,54654,821585825,439882689,84513,-7372.0,-8.023072318659196,1261468514,-104405746.0,-7.64387682362504,-4980.0,-14.294325325066737,-91817717.0,-10.052261982579436,-2392.0,-4.193107316902145,-12588029.0,-2.782064893755176
2005-01-01,31058,51883,861503861,431825791,82941,-1572.0,-1.8600688651450037,1293329652,31861138.0,2.5257180537127555,1199.0,4.015539703272042,39918036.0,4.858656854261079,-2771.0,-5.07007721301277,-8056898.0,-1.8316015159214438
2005-02-01,33637,49534,933312807,407244081,83171,230.0,0.27730555455083294,1340556888,47227236.0,3.651600806257549,2579.0,8.303818661858454,71808946.0,8.335301703308318,-2349.0,-4.527494555056566,-24581710.0,-5.692506217165705
2005-03-01,26707,51666,705851980,395540384,78373,-4798.0,-5.768837695831475,1101392364,-239164524.0,-17.840684430543917,-6930.0,-20.60231292921485,-227460827.0,-24.37133887952745,2132.0,4.304114345701948,-11703697.0,-2.8738777421297823
2005-04-01,35277,65088,920888098,504245180,100365,21992.0,28.060684164189187,1425133278,323740914.0,29.39378595510218,8570.0,32.08896543977235,215036118.0,30.464760897886833,13422.0,25.978399721286728,108704796.0,27.482603647368652
2005-05-01,36609,61977,925591302,469034149,98586,-1779.0,-1.7725302645344443,1394625451,-30507827.0,-2.1406999240670355,1332.0,3.7758312781699166,4703204.0,0.5107248112137031,-3111.0,-4.779682890855453,-35211031.0,-6.982918706332509
2005-06-01,36191,60765,904011185,471821748,96956,-1630.0,-1.6533787758911012,1375832933,-18792518.0,-1.347495701195256,-418.0,-1.14179573328963,-21580117.0,-2.331495224011948,-1212.0,-1.9555641608983931,2787599.0,0.5943275145196214
2005-07-01,40674,64021,1029116197,513909527,104695,7739.0,7.981971203432492,1543025724,167192791.0,12.152114329422004,4483.0,12.387057555745894,125105012.0,13.838878774492148,3256.0,5.3583477330700235,42087779.0,8.920271093565614
2005-08-01,38189,58605,1012715139,480607370,96794,-7901.0,-7.546683222694495,1493322509,-49703215.0,-3.2211527148850005,-2485.0,-6.109554014849783,-16401058.0,-1.5937032229996095,-5416.0,-8.459724153012294,-33302157.0,-6.4801594931319535
2005-09-01,45547,69589,1207716905,557209927,115136,18342.0,18.94952166456598,1764926832,271604323.0,18.187921320618084,7358.0,19.267328288250553,195001766.0,19.255342246838868,10984.0,18.742428120467537,76602557.0,15.938697943812219
2005-10-01,38909,62941,1001701319,502113995,101850,-13286.0,-11.539396887159537,1503815314,-261111518.0,-14.794467015049605,-6638.0,-14.57395657233188,-206015586.0,-17.0582679721619,-6648.0,-9.553233988130305,-55095932.0,-9.887823122002636
2005-11-01,31392,57367,804224324,472018026,88759,-13091.0,-12.853215513009332,1276242350,-227572964.0,-15.133039401938152,-7517.0,-19.319437662237526,-197476995.0,-19.714159425999522,-5574.0,-8.855912680129007,-30095969.0,-5.993851854298549
2005-12-01,28915,53053,763610056,438437059,81968,-6791.0,-7.651055104271121,1202047115,-74195235.0,-5.81356942119966,-2477.0,-7.890545361875634,-40614268.0,-5.050116837799101,-4314.0,-7.52000278905991,-33580967.0,-7.114339951076365
2006-01-01,29787,49229,797994610,427622069,79016,-2952.0,-3.6014054265079087,1225616679,23569564.0,1.9607853723770274,872.0,3.015735777278228,34384554.0,4.502894341139996,-3824.0,-7.207886453169476,-10814990.0,-2.4667143841962447
2006-02-01,32331,50745,889192843,436119403,83076,4060.0,5.138199858256565,1325312246,99695567.0,8.13431872364394,2544.0,8.540638533588485,91198233.0,11.428427192008229,1516.0,3.0794856690162353,8497334.0,1.9871130645504609
2006-03-01,25688,51372,690139661,410661975,77060,-6016.0,-7.24156194328085,1100801636,-224510610.0,-16.940204897193713,-6643.0,-20.54684358665059,-199053182.0,-22.385828177431698,627.0,1.2355897132722449,-25457428.0,-5.837261040183527
2006-04-01,34167,66205,900277823,524850834,100372,23312.0,30.251751881650655,1425128657,324327021.0,29.462803323813368,8479.0,33.00763002180007,210138162.0,30.448643060958645,14833.0,28.873705520517024,114188859.0,27.806046323134748
2006-05-01,34099,58148,870626654,485131848,92247,-8125.0,-8.094887020284547,1355758502,-69370155.0,-4.867641574623116,-68.0,-0.1990224485614811,-29651169.0,-3.293557637707134,-8057.0,-12.169775696699647,-39718986.0,-7.567671312874391
2006-06-01,36904,63707,917436807,524859557,100611,8364.0,9.066961527204143,1442296364,86537862.0,6.382985013358966,2805.0,8.226047684682825,46810153.0,5.376604631265969,5559.0,9.560088051179738,39727709.0,8.189053999192408
2006-07-01,38718,63039,962049369,530723293,101757,1146.0,1.139040462772467,1492772662,50476298.0,3.4997174824743515,1814.0,4.915456319098199,44612562.0,4.862739499833468,-668.0,-1.0485503947760821,5863736.0,1.1172009581984277
2006-08-01,36662,56611,928819275,481673874,93273,-8484.0,-8.337509950175415,1410493149,-82279513.0,-5.511858241680478,-2056.0,-5.310191642130279,-33230094.0,-3.454094464459856,-6428.0,-10.196862259870876,-49049419.0,-9.241994773347928
2006-09-01,37151,66516,964524846,566181664,103667,10394.0,11.143632133629232,1530706510,120213361.0,8.52278942901834,489.0,1.333806120779002,35705571.0,3.8441892799866872,9905.0,17.49659960078429,84507790.0,17.54460737058785
2006-10-01,35334,57684,914277304,496348705,93018,-10649.0,-10.272314236931713,1410626009,-120080501.0,-7.844776266091658,-1817.0,-4.890850851928619,-50247542.0,-5.209564295661496,-8832.0,-13.278008298755184,-69832959.0,-12.33401988094055
2006-11-01,33211,60068,873442790,517877328,93279,261.0,0.2805908533832113,1391320118,-19305891.0,-1.3686044973526323,-2123.0,-6.008377200430182,-40834514.0,-4.466316053274799,2384.0,4.132861798765686,21528623.0,4.337398845434692
2006-12-01,28138,52776,767687998,461552850,80914,-12365.0,-13.255931131337173,1229240848,-162079270.0,-11.64931548844319,-5073.0,-15.275059468248475,-105754792.0,-12.107809831483063,-7292.0,-12.139575148165417,-56324478.0,-10.876026996107468
2007-01-01,26879,50097,733181836,429705987,76976,-3938.0,-4.866895716439679,1162887823,-66353025.0,-5.397886436002974,-1259.0,-4.4743762882934135,-34506162.0,-4.494815874404223,-2679.0,-5.07617098681219,-31846863.0,-6.899938544415873
2007-02-01,31430,53277,886162633,462733911,84707,7731.0,10.043390147578467,1348896544,186008721.0,15.995413944583037,4551.0,16.93143346106627,152980797.0,20.865328283992014,3180.0,6.347685490149102,33027924.0,7.686167984436287
2007-03-01,24793,48360,668148095,407096172,73153,-11554.0,-13.639958917208727,1075244267,-273652277.0,-20.287121218986538,-6637.0,-21.11676741966274,-218014538.0,-24.60209107011625,-4917.0,-9.229123261444904,-55637739.0,-12.023700376694457
2007-04-01,32862,61513,872431678,514312592,94375,21222.0,29.010430194250404,1386744270,311500003.0,28.970161716751576,8069.0,32.545476545799225,204283583.0,30.574596340052416,13153.0,27.19809760132341,107216420.0,26.336877468845366
2007-05-01,33705,59128,865042222,500935964,92833,-1542.0,-1.6339072847682101,1365978186,-20766084.0,-1.4974703302722103,843.0,2.565272959649434,-7389456.0,-0.8469953792759943,-2385.0,-3.877229203582977,-13376628.0,-2.600875072488984
2007-06-01,34931,62944,887475431,526560827,97875,5042.0,5.431258280999218,1414036258,48058072.0,3.518216651814088,1226.0,3.637442515947198,22433209.0,2.593307983063986,3816.0,6.453795156271136,25624863.0,5.115396945227113
2007-07-01,37333,61175,948250315,519442504,98508,633.0,0.6467432950191476,1467692819,53656561.0,3.794567550615091,2402.0,6.876413500901779,60774884.0,6.848063831076345,-1769.0,-2.810434672089479,-7118323.0,-1.3518519865132306
2007-08-01,33259,60991,851325779,521144458,94250,-4258.0,-4.322491574288378,1372470237,-95222582.0,-6.487909511261291,-4074.0,-10.912597433905658,-96924536.0,-10.221408257586495,-184.0,-0.30077646097261823,1701954.0,0.32765012237041535
2007-09-01,35186,63410,929649250,541115210,98596,4346.0,4.611140583554385,1470764460,98294223.0,7.161847328278337,1927.0,5.793920442586975,78323471.0,9.200176117302794,2419.0,3.9661589414831777,19970752.0,3.83209524603636
2007-10-01,30248,52541,806385930,443757477,82789,-15807.0,-16.03209055134083,1250143407,-220621053.0,-15.000434059985379,-4938.0,-14.033990791792196,-123263320.0,-13.259121114764516,-10869.0,-17.140829522157386,-97357733.0,-17.992052561228135
2007-11-01,32965,59348,885708713,516190017,92313,9524.0,11.50394376064452,1401898730,151755323.0,12.139033182134762,2717.0,8.982412060301503,79322783.0,9.836826270021849,6807.0,12.955596581717144,72432540.0,16.32255088740735
2007-12-01,27160,50593,735515910,445062491,77753,-14560.0,-15.772426418814256,1180578401,-221320329.0,-15.78718378609274,-5805.0,-17.609585924465343,-150192803.0,-16.95735864348441,-8755.0,-14.751971422794362,-71127526.0,-13.779330025284075
2008-01-01,24312,45269,661821527,395862246,69581,-8172.0,-10.51020539400409,1057683773,-122894628.0,-10.40969645860902,-2848.0,-10.486008836524297,-73694383.0,-10.019413856051052,-5324.0,-10.523194908386536,-49200245.0,-11.05468243110157
2008-02-01,29072,47857,799819205,430842103,76929,7348.0,10.560354119659099,1230661308,172977535.0,16.3543716388282,4760.0,19.578808818690362,137997678.0,20.851192106962092,2588.0,5.716936534935613,34979857.0,8.83637107439641
2008-03-01,22819,50937,611004312,409316017,73756,-3173.0,-4.124582407154653,1020320329,-210340979.0,-17.091703268207404,-6253.0,-21.50866813428729,-188814893.0,-23.607196703910105,3080.0,6.435840106985391,-21526086.0,-4.9962818977327235
2008-04-01,27118,55978,704894267,449993794,83096,9340.0,12.66337653885785,1154888061,134567732.0,13.188772993662457,4299.0,18.839563521626722,93889955.0,15.366496300602206,5041.0,9.896538861731162,40677777.0,9.937988085132755
2008-05-01,30769,58468,778075721,478875678,89237,6141.0,7.390247424665453,1256951399,102063338.0,8.83750914453345,3651.0,13.463382255328572,73181454.0,10.381905120530654,2490.0,4.448176069170029,28881884.0,6.418284959725473
2008-06-01,29035,55339,709096913,437787528,84374,-4863.0,-5.4495332653495705,1146884441,-110066958.0,-8.756659810997192,-1734.0,-5.635542266566995,-68978808.0,-8.865307853501314,-3129.0,-5.3516453444619305,-41088150.0,-8.580128807460541
2008-07-01,31463,54449,747520852,426137636,85912,1538.0,1.8228364188020096,1173658488,26774047.0,2.334502591791643,2428.0,8.362321336318246,38423939.0,5.418714747669484,-890.0,-1.6082690326894244,-11649892.0,-2.6610835747700845
2008-08-01,29188,57055,732481463,444897621,86243,331.0,0.3852779588416011,1177379084,3720596.0,0.3170084004879614,-2275.0,-7.23071544353685,-15039389.0,-2.011902271322863,2606.0,4.78613014013114,18759985.0,4.4023300021310385
2008-09-01,25666,53455,663384108,411849673,79121,-7122.0,-8.258061523833815,1075233781,-102145303.0,-8.675651231460135,-3522.0,-12.066602713443885,-69097355.0,-9.433324731113368,-3600.0,-6.309701165542025,-33047948.0,-7.42821414187782
2008-10-01,26751,51206,697999898,398834140,77957,-1164.0,-1.4711644190543605,1096834038,21600257.0,2.0088893579879086,1085.0,4.227382529416346,34615790.0,5.218061388953266,-2249.0,-4.207277149003829,-13015533.0,-3.160263040927558
2008-11-01,23216,50727,614717936,382437406,73943,-4014.0,-5.148992393242424,997155342,-99678696.0,-9.087855823817891,-3535.0,-13.21445927255056,-83281962.0,-11.93151492408957,-479.0,-0.935437253446858,-16396734.0,-4.111166110303399
2008-12-01,16842,39803,447337415,295521964,56645,-17298.0,-23.393695143556524,742859379,-254295963.0,-25.502141169896074,-6374.0,-27.455203308063403,-167380521.0,-27.228833127784313,-10924.0,-21.534882804029408,-86915442.0,-22.726710472458333
2009-01-01,17220,42611,469069897,329674280,59831,3186.0,5.624503486627241,798744177,55884798.0,7.522930931454264,378.0,2.244389027431426,21732482.0,4.8581856270618395,2808.0,7.054744617239916,34152316.0,11.556608360927111
2009-02-01,17963,41254,504208132,320520578,59217,-614.0,-1.0262238638832688,824728710,25984533.0,3.2531733874537005,743.0,4.3147502903600365,35138235.0,7.491044559612825,-1357.0,-3.1846236887188795,-9153702.0,-2.7765896690515213
2009-03-01,14779,48308,418843100,332054088,63087,3870.0,6.535285475454677,750897188,-73831522.0,-8.952219209150602,-3184.0,-17.7253242776819,-85365032.0,-16.930514718473443,7054.0,17.09894798080187,11533510.0,3.5983680274032093
2009-04-01,17844,56948,465300148,390527459,74792,11705.0,18.553743243457443,855827607,104930419.0,13.974006119197234,3065.0,20.73888625752758,46457048.0,11.09175440636363,8640.0,17.885236399768157,58473371.0,17.60959226618526
2009-05-01,20905,55631,526701218,390447902,76536,1744.0,2.3318001925339615,917149120,61321513.0,7.165171174479301,3061.0,17.15422550997534,61401070.0,13.196013425725361,-1317.0,-2.312636089063702,-79557.0,-0.020371678909270052
2009-06-01,19781,51149,501252689,366133295,70930,-5606.0,-7.324657677432844,867385984,-49763136.0,-5.425850051516157,-1124.0,-5.376704137766087,-25448529.0,-4.831682200514676,-4482.0,-8.056659057000592,-24314607.0,-6.22736269690598
2009-07-01,24509,56732,627433850,411152753,81241,10311.0,14.536867333991266,1038586603,171200619.0,19.737535786605463,4728.0,23.90172387644709,126181161.0,25.173163908952123,5583.0,10.915169407026525,45019458.0,12.2959202604068
2009-08-01,22836,57693,602063511,431644869,80529,-712.0,-0.8764047709900136,1033708380,-4878223.0,-0.469698240465366,-1673.0,-6.826063894895751,-25370339.0,-4.0435081722160815,961.0,1.6939293520411791,20492116.0,4.9840639155345645
2009-09-01,25251,52432,651209293,388684275,77683,-2846.0,-3.5341305616610197,1039893568,6185188.0,0.5983494106916343,2415.0,10.575407251707825,49145782.0,8.162889977898026,-5261.0,-9.118957239179792,-42960594.0,-9.952763738285054
2009-10-01,26992,53361,719767451,412237339,80353,2670.0,3.437045428214658,1132004790,92111222.0,8.857754758225411,1741.0,6.894776444497253,68558158.0,10.527822427742905,929.0,1.7718187366493776,23553064.0,6.059690477573354
2009-11-01,20717,50783,593186195,383952423,71500,-8853.0,-11.017634686943856,977138618,-154866172.0,-13.680699354637893,-6275.0,-23.247628927089504,-126581256.0,-17.586410141794527,-2578.0,-4.831243792282757,-28284916.0,-6.861318304793351
2009-12-01,18590,42895,527527906,328315049,61485,-10015.0,-14.006993006993007,855842955,-121295663.0,-12.41335269792806,-2127.0,-10.266930540136121,-65658289.0,-11.068748658252236,-7888.0,-15.532757024988674,-55637374.0,-14.490694853617313
2010-01-01,18761,41703,548724421,354370497,60464,-1021.0,-1.660567618118236,903094918,47251963.0,5.521102057795169,171.0,0.9198493813878494,21196515.0,4.018084116293186,-1192.0,-2.778878657186157,26055448.0,7.936111390373712
2010-02-01,20419,40588,582084918,316999705,61007,543.0,0.8980550410161436,899084623,-4010295.0,-0.44406129633429714,1658.0,8.83748201055381,33360497.0,6.079645031872927,-1115.0,-2.673668561014797,-37370792.0,-10.545683773443471
2010-03-01,14809,38932,405189138,296703782,53741,-7266.0,-11.910108676053566,701892920,-197191703.0,-21.932496447556304,-5610.0,-27.474411087712426,-176895780.0,-30.3900297928695,-1656.0,-4.080023652311027,-20295923.0,-6.4025053272525945
2010-04-01,21920,62510,604302888,457388434,84430,30689.0,57.105375783852175,1061691322,359798402.0,51.261152769570614,7111.0,48.01809710311298,199113750.0,49.14093970603921,23578.0,60.562005548135204,160684652.0,54.15659042728347
2010-05-01,25844,61229,688229510,479848337,87073,2643.0,3.1304038848750437,1168077847,106386525.0,10.02047608334884,3924.0,17.90145985401459,83926622.0,13.888171588549492,-1281.0,-2.0492721164613648,22459903.0,4.910465882047199
2010-06-01,24383,52548,640624378,426753739,76931,-10142.0,-11.647697908651367,1067378117,-100699730.0,-8.62097763934393,-1461.0,-5.653149667234169,-47605132.0,-6.917043124175248,-8681.0,-14.177922226395989,-53094598.0,-11.064870690590723
2010-07-01,25850,60192,686655808,481352489,86042,9111.0,11.843080162743247,1168008297,100630180.0,9.42779118264423,1467.0,6.016486896608297,46031430.0,7.185400927718044,7644.0,14.546700159853842,54598750.0,12.793971091604185
2010-08-01,23136,54934,644471700,457619574,78070,-7972.0,-9.26524255596104,1102091274,-65917023.0,-5.643540646869227,-2714.0,-10.499032882011605,-42184108.0,-6.143413848470647,-5258.0,-8.735380116959067,-23732915.0,-4.930464792922262
2010-09-01,23512,57005,659524567,460747955,80517,2447.0,3.1343665940822385,1120272522,18181248.0,1.649704378296346,376.0,1.625172890733051,15052867.0,2.3356909232786993,2071.0,3.769978519678152,3128381.0,0.6836204519520939
2010-10-01,24520,54371,692681798,452201494,78891,-1626.0,-2.0194493088416143,1144883292,24610770.0,2.196855632597594,1008.0,4.287172507655668,33157231.0,5.027444413605897,-2634.0,-4.620647311639326,-8546461.0,-1.8549102404589068
2010-11-01,22003,50911,629304220,423489578,72914,-5977.0,-7.576276127821934,1052793798,-92089494.0,-8.043570435823955,-2517.0,-10.26508972267537,-63377578.0,-9.149594833153095,-3460.0,-6.363686524066137,-28711916.0,-6.349363365880434
2010-12-01,20551,48275,601640805,403191833,68826,-4088.0,-5.606605041555801,1004832638,-47961160.0,-4.555608143884604,-1452.0,-6.599100122710544,-27663415.0,-4.395873112053817,-2636.0,-5.177662980495379,-20297745.0,-4.79297391351624
2011-01-01,21075,44550,626205792,398505383,65625,-3201.0,-4.650858687124049,1024711175,19878537.0,1.978293324504854,524.0,2.549754269865212,24564987.0,4.0829988251877225,-3725.0,-7.716209218021753,-4686450.0,-1.1623375317723728
2011-02-01,22239,43292,649505622,374185956,65531,-94.0,-0.14323809523809627,1023691578,-1019597.0,-0.09950091546527817,1164.0,5.5231316725978585,23299830.0,3.720794393418836,-1258.0,-2.823793490460158,-24319427.0,-6.102659596947024
2011-03-01,18863,48464,541928549,375638939,67327,1796.0,2.740687613495907,917567488,-106124090.0,-10.36680307630703,-3376.0,-15.180538693286572,-107577073.0,-16.562916371492165,5172.0,11.946780005543744,1452983.0,0.38830505974414287
2011-04-01,27667,65857,760075360,513965808,93524,26197.0,38.91009550403255,1274041168,356473680.0,38.849859510279416,8804.0,46.67338175263745,218146811.0,40.253795708408056,17393.0,35.88849455265763,138326869.0,36.82442224127356
2011-05-01,25793,57373,713850012,465992034,83166,-10358.0,-11.075232026004024,1179842046,-94199122.0,-7.393726699418557,-1874.0,-6.773412368525678,-46225348.0,-6.081679585034827,-8484.0,-12.882457445677753,-47973774.0,-9.334039979562226
2011-06-01,25464,54135,698611340,440018761,79599,-3567.0,-4.2890123367722355,1138630101,-41211945.0,-3.49300528318347,-329.0,-1.2755398751599256,-15238672.0,-2.134716221031596,-3238.0,-5.643769717462921,-25973273.0,-5.573759014086499
2011-07-01,26984,59203,754568121,499370349,86187,6588.0,8.276485885501073,1253938470,115308369.0,10.12693840596086,1520.0,5.969211435752442,55956781.0,8.009715530812889,5068.0,9.36178073335181,59351588.0,13.488422144800328
2011-08-01,23154,50549,662962907,447965139,73703,-12484.0,-14.484783087936693,1110928046,-143010424.0,-11.404899635944654,-3830.0,-14.19359620515861,-91605214.0,-12.14008536149117,-8654.0,-14.617502491427803,-51405210.0,-10.294005261413709
2011-09-01,24875,56055,733038484,492531070,80930,7227.0,9.805571007964398,1225569554,114641508.0,10.319435935817566,1721.0,7.432840977800814,70075577.0,10.57005999281344,5506.0,10.892401432273635,44565931.0,9.948526597289531
2011-10-01,24945,50389,736524414,447044465,75334,-5596.0,-6.914617570740145,1183568879,-42000675.0,-3.4270331588214353,70.0,0.2814070351758735,3485930.0,0.47554529210773744,-5666.0,-10.107929711890106,-45486605.0,-9.235276263891334
2011-11-01,22996,49497,685279242,443101644,72493,-2841.0,-3.7712055645525266,1128380886,-55187993.0,-4.662845904382717,-1949.0,-7.813189015834832,-51245172.0,-6.957701744290046,-892.0,-1.7702276290460173,-3942821.0,-0.8819751296999079
2011-12-01,22177,47040,684647259,429841495,69217,-3276.0,-4.519057012401195,1114488754,-13892132.0,-1.231156267565492,-819.0,-3.5614889546008,-631983.0,-0.0922226971526996,-2457.0,-4.963937208315661,-13260149.0,-2.9925749948244373
2012-01-01,22512,43874,710741092,415418423,66386,-2831.0,-4.0900356848751045,1126159515,11670761.0,1.047185174198706,335.0,1.5105740181268867,26093833.0,3.8112813068313267,-3166.0,-6.730442176870744,-14423072.0,-3.355439660379922
2012-02-01,25223,46367,775943607,419503746,71590,5204.0,7.839002199258882,1195447353,69287838.0,6.152577594658082,2711.0,12.042466240227444,65202515.0,9.173877201404302,2493.0,5.682180790445357,4085323.0,0.9834236456094825
2012-03-01,21783,53216,653555445,427637684,74999,3409.0,4.76183824556502,1081193129,-114254224.0,-9.557445061321745,-3440.0,-13.638345954089527,-122388162.0,-15.77281659335844,6849.0,14.771281299199867,8133938.0,1.9389428765673067
2012-04-01,28280,62426,790798381,513936240,90706,15707.0,20.942945905945408,1304734621,223541492.0,20.67544511744672,6497.0,29.826011109580875,137242936.0,20.99943272601761,9210.0,17.306825015033066,86298556.0,20.180297300459603
2012-05-01,27467,56913,766243639,493881213,84380,-6326.0,-6.974180318832268,1260124852,-44609769.0,-3.4190683900002017,-813.0,-2.8748231966053694,-24554742.0,-3.1050571915624547,-5513.0,-8.831256207349503,-20055027.0,-3.9022402856821348
2012-06-01,29390,55096,822158205,489914146,84486,106.0,0.12562218535197012,1312072351,51947499.0,4.122408896035323,1923.0,7.001128627079778,55914566.0,7.297230691920964,-1817.0,-3.192592202133082,-3967067.0,-0.8032431474570001
2012-07-01,29662,53148,847168622,487154088,82810,-1676.0,-1.9837606230618143,1334322710,22250359.0,1.6958179922808236,272.0,0.9254848587955111,25010417.0,3.042044322844162,-1948.0,-3.5356468709162203,-2760058.0,-0.5633758532051059
2012-08-01,26593,52146,791818346,468241971,78739,-4071.0,-4.916072938050964,1260060317,-74262393.0,-5.565549656274682,-3069.0,-10.346571370777424,-55350276.0,-6.5335606823265895,-1002.0,-1.8853014224429865,-18912117.0,-3.8821632550890106
2012-09-01,28765,56079,851322732,514215353,84844,6105.0,7.753463975920449,1365538085,105477768.0,8.370850710633082,2172.0,8.167562892490498,59504386.0,7.514903677162343,3933.0,7.54228512254056,45973382.0,9.818295848579538
2012-10-01,26671,50566,777860867,453896775,77237,-7607.0,-8.965866767243414,1231757642,-133780443.0,-9.796903101388054,-2094.0,-7.279680166869462,-73461865.0,-8.629144064721162,-5513.0,-9.83077444319621,-60318578.0,-11.730217242268925
2012-11-01,27300,53460,815238036,479430068,80760,3523.0,4.561285394305847,1294668104,62910462.0,5.107373387012437,629.0,2.3583667654006213,37377169.0,4.805122687834085,2894.0,5.723213226278534,25533293.0,5.625352372243664
2012-12-01,22996,46673,692717590,429661696,69669,-11091.0,-13.733283803863294,1122379286,-172288818.0,-13.307566430940664,-4304.0,-15.765567765567766,-122520446.0,-15.028794117746491,-6787.0,-12.69547325102881,-49768372.0,-10.380736487307674
2013-01-01,22632,41588,700168869,404654091,64220,-5449.0,-7.821269144095655,1104822960,-17556326.0,-1.5642061662210716,-364.0,-1.5828839798225802,7451279.0,1.0756589853593956,-5085.0,-10.894949971075352,-25007605.0,-5.820301235323521
2013-02-01,27083,46843,842788566,453614704,73926,9706.0,15.113671753347857,1296403270,191580310.0,17.34036283967162,4451.0,19.666843407564507,142619697.0,20.369328502664395,5255.0,12.635856497066467,48960613.0,12.099374277671648
2013-03-01,21639,47884,666540837,411525315,69523,-4403.0,-5.955955955955961,1078066152,-218337118.0,-16.841759277574177,-5444.0,-20.10117047594432,-176247729.0,-20.912448994947564,1041.0,2.222317101808158,-42089389.0,-9.278665049623259
2013-04-01,29606,60740,876674543,516055403,90346,20823.0,29.951239158264165,1392729946,314663794.0,29.1878001564416,7967.0,36.81778270714913,210133706.0,31.526006260288586,12856.0,26.848216523264547,104530088.0,25.40064588736175
2013-05-01,31273,60899,890714636,534686074,92172,1826.0,2.021118809908584,1425400710,32670764.0,2.345807533889266,1667.0,5.630615415794105,14040093.0,1.6015171322249833,159.0,0.2617714850181141,18630671.0,3.6102075264969224
2013-06-01,32103,59114,905273123,548815730,91217,-955.0,-1.0361064097556771,1454088853,28688143.0,2.0126370640014546,830.0,2.6540466216864456,14558487.0,1.6344726370927098,-1785.0,-2.931082612193958,14129656.0,2.6426078192565816
2013-07-01,31181,53038,893995360,487560735,84219,-6998.0,-7.6718155606959275,1381556095,-72532758.0,-4.9881929739268855,-922.0,-2.8720057315515635,-11277763.0,-1.2457856875974005,-6076.0,-10.278445038400374,-61254995.0,-11.161304542054584
2013-08-01,31348,58276,935844662,543294518,89624,5405.0,6.41779170970922,1479139180,97583085.0,7.063273460496,167.0,0.535582566306414,41849302.0,4.681154273552379,5238.0,9.87593800671216,55733783.0,11.43114672677652
2013-09-01,28407,56801,846084877,536010618,85208,-4416.0,-4.92725162902794,1382095495,-97043685.0,-6.560821747687062,-2941.0,-9.38177874186551,-89759785.0,-9.591312388123663,-1475.0,-2.5310590980849756,-7283900.0,-1.3406908699932774
2013-10-01,28654,54525,873865855,508508353,83179,-2029.0,-2.381231809219797,1382374208,278713.0,0.020165972684837996,247.0,0.8695039954940587,27780978.0,3.2834741236014375,-2276.0,-4.006971708244578,-27502265.0,-5.130917947599311
2013-11-01,27106,55433,876865110,525502076,82539,-640.0,-0.7694249750538007,1402367186,19992978.0,1.4462782858865486,-1548.0,-5.402387101277306,2999255.0,0.34321686593419276,908.0,1.665291150848236,16993723.0,3.3418768639184915
2013-12-01,23235,47181,743865185,460464879,70416,-12123.0,-14.687602224403006,1204330064,-198037122.0,-14.12163119452796,-3871.0,-14.280971002730025,-132999925.0,-15.16766073632465,-8252.0,-14.88643948550502,-65037197.0,-12.376201725985192
2014-01-01,23574,44021,760977262,450091642,67595,-2821.0,-4.0061917745966795,1211068904,6738840.0,0.5595509239068486,339.0,1.4590058102001313,17112077.0,2.3004271936722054,-3160.0,-6.697611326593334,-10373237.0,-2.2527748527809033
2014-02-01,26792,44887,866726180,460264339,71679,4084.0,6.041867001997181,1326990519,115921615.0,9.571843073265796,3218.0,13.650632052260958,105748918.0,13.896462257238905,866.0,1.9672429067944863,10172697.0,2.2601390585253345
2014-03-01,20202,46154,629593928,420312854,66356,-5323.0,-7.426163869473623,1049906782,-277083737.0,-20.880611657180946,-6590.0,-24.596894595401608,-237132252.0,-27.35953493408957,1267.0,2.822643527079105,-39951485.0,-8.680117405315645
2014-04-01,25318,58015,778419410,530709741,83333,16977.0,25.58472481765024,1309129151,259222369.0,24.690036624603874,5116.0,25.324225324225313,148825482.0,23.638328672064326,11861.0,25.698747670841104,110396887.0,26.265408242784783
2014-05-01,29820,61277,901354171,565840381,91097,7764.0,9.316837267349065,1467194552,158065401.0,12.074087639043029,4502.0,17.781815309266126,122934761.0,15.792869424980038,3262.0,5.622683788675342,35130640.0,6.6195581663536895
2014-06-01,31504,56649,930989023,533756933,88153,-2944.0,-3.2317200346883013,1464745956,-2448596.0,-0.166889660042846,1684.0,5.647216633132124,29634852.0,3.2878143745784127,-4628.0,-7.55258906278049,-32083448.0,-5.670052735243014
2014-07-01,32620,58619,964450549,567571137,91239,3086.0,3.500731682415803,1532021686,67275730.0,4.592996466344235,1116.0,3.5424073133570433,33461526.0,3.5941912496641804,1970.0,3.477554767074431,33814204.0,6.335131575705444
2014-08-01,33299,60001,1024912743,597775943,93300,2061.0,2.2589024430342386,1622688686,90667000.0,5.918127715066812,679.0,2.0815450643776767,60462194.0,6.2690818168635865,1382.0,2.3575973660417304,30204806.0,5.321765683796564
2014-09-01,30982,56517,967003330,544939982,87499,-5801.0,-6.217577706323684,1511943312,-110745374.0,-6.824807183008852,-2317.0,-6.958166911919273,-57909413.0,-5.650179822186097,-3484.0,-5.806569890501823,-52835961.0,-8.83875666438454
2014-10-01,32431,59261,1015189704,568777644,91692,4193.0,4.7920547663401925,1583967348,72024036.0,4.763673044376682,1449.0,4.676909173068222,48186374.0,4.983061847367165,2744.0,4.855176318629795,23837662.0,4.374364661684882
2014-11-01,29250,59014,923842238,583891303,88264,-3428.0,-3.7386031496750016,1507733541,-76233807.0,-4.812839551033477,-3181.0,-9.808516542813972,-91347466.0,-8.998068601373443,-247.0,-0.41680025649246666,15113659.0,2.6572174837448337
2014-12-01,22582,46000,723803223,456675447,68582,-19682.0,-22.29901205474486,1180478670,-327254871.0,-21.70508661516869,-6668.0,-22.7965811965812,-200039015.0,-21.65294102952673,-13014.0,-22.052394347104077,-127215856.0,-21.78759220189995
2015-01-01,26419,50072,850948572,514628809,76491,7909.0,11.532180455513119,1365577381,185098711.0,15.679970820650247,3837.0,16.99140908688337,127145349.0,17.566286659102094,4072.0,8.85217391304347,57953362.0,12.69027323030134
2015-02-01,28889,48465,974532500,512446033,77354,863.0,1.1282373089644526,1486978533,121401152.0,8.890096869581932,2470.0,9.349331920208947,123583928.0,14.523078370005194,-1607.0,-3.209378494967252,-2182776.0,-0.4241457069302901
2015-03-01,22430,51038,709556549,484053250,73468,-3886.0,-5.023657470848308,1193609799,-293368734.0,-19.729184214120732,-6459.0,-22.357990930804117,-264975951.0,-27.19005789955696,2573.0,5.308985866088922,-28392783.0,-5.54063865687101
2015-04-01,27428,61346,834375096,575005263,88774,15306.0,20.833560189470248,1409380359,215770560.0,18.07714381875647,4998.0,22.28265715559519,124818547.0,17.591064049216463,10308.0,20.196716172263795,90952013.0,18.789670971117324
2015-05-01,32240,64350,988046475,632625988,96590,7816.0,8.804379660711458,1620672463,211292104.0,14.991843944094585,4812.0,17.54411550240631,153671379.0,18.417541431509843,3004.0,4.896814788250259,57620725.0,10.020903930404558
2015-06-01,29626,57563,898866880,558692764,87189,-9401.0,-9.732891603685678,1457559644,-163112819.0,-10.064514744581054,-2614.0,-8.107940446650119,-89179595.0,-9.025850226326648,-6787.0,-10.547008547008552,-73933224.0,-11.68671938908713
2015-07-01,34695,54124,1051510311,581809219,88819,1630.0,1.8695018867058932,1633319530,175759886.0,12.058503864559512,5069.0,17.109970971444,152643431.0,16.98176163749632,-3439.0,-5.974323784375379,23116455.0,4.137596992396353
2015-08-01,34179,62920,1062988492,650454487,97099,8280.0,9.32232968171225,1713442979,80123449.0,4.9055587426913405,-516.0,-1.4872460008646726,11478181.0,1.0915899615938196,8796.0,16.251570467814645,68645268.0,11.798587192892175
2015-09-01,30125,61268,958163037,618794306,91393,-5706.0,-5.8764765857526875,1576957343,-136485636.0,-7.965577942935442,-4054.0,-11.861084291524037,-104825455.0,-9.861391331036163,-1652.0,-2.6255562619199035,-31660181.0,-4.86739374280003
2015-10-01,32154,62182,1035533325,632452008,94336,2943.0,3.220159093147168,1667985333,91027990.0,5.77238125077173,2029.0,6.735269709543568,77370288.0,8.074856262692599,914.0,1.4918064895214522,13657702.0,2.2071473295037114
2015-11-01,30552,62954,991747766,653329361,93506,-830.0,-0.8798337856173677,1645077127,-22908206.0,-1.3734057216676976,-1602.0,-4.982272812091804,-43785559.0,-4.22830998703011,772.0,1.2415168376700647,20877353.0,3.301017742993717
2015-12-01,25828,54354,858213639,568019044,80182,-13324.0,-14.249352982696294,1426232683,-218844444.0,-13.302989896837826,-4724.0,-15.462162869861217,-133534127.0,-13.464525111922466,-8600.0,-13.660768179940908,-85310317.0,-13.057780974273403
2016-01-01,29062,56592,969641175,621925235,85654,5472.0,6.824474320919904,1591566410,165333727.0,11.592338961986881,3234.0,12.521294718909704,111427536.0,12.983659421893655,2238.0,4.117452257423548,53906191.0,9.490208395195987
2016-02-01,25835,45285,878106665,518918140,71120,-14534.0,-16.968267681602722,1397024805,-194541605.0,-12.223279140453835,-3227.0,-11.103846947904483,-91534510.0,-9.44003950739819,-11307.0,-19.979855810008484,-103007095.0,-16.562617048333795
2016-03-01,24257,58184,813473347,581005001,82441,11321.0,15.91816647919011,1394478348,-2546457.0,-0.18227715004673906,-1578.0,-6.10799303270757,-64633318.0,-7.360531536336756,12899.0,28.48404548967649,62086861.0,11.96467346468173
2016-04-01,30675,73163,988609546,723865536,103838,21397.0,25.95431884620516,1712475082,317996734.0,22.803992220896063,6418.0,26.45834192191945,175136199.0,21.52943297354277,14979.0,25.744190842843384,142860535.0,24.588520710512785
2016-05-01,29787,66793,943502901,693293383,96580,-7258.0,-6.989734008744386,1636796284,-75678798.0,-4.419264186408755,-888.0,-2.8948655256723743,-45106645.0,-4.562634983902935,-6370.0,-8.706586662657356,-30572153.0,-4.223457462685443
2016-06-01,31525,65659,1018042636,712783380,97184,604.0,0.6253882791468213,1730826016,94029732.0,5.7447425143347886,1738.0,5.834760130258165,74539735.0,7.900318581002441,-1134.0,-1.6977827017801261,19489997.0,2.8112192439603945
2016-07-01,34366,68750,1094447550,751886189,103116,5932.0,6.103885413236743,1846333739,115507723.0,6.673560596630179,2841.0,9.011895321173679,76404914.0,7.505079973880391,3091.0,4.707656223823076,39102809.0,5.485931644478015
2016-08-01,29636,62545,960502273,691521741,92181,-10935.0,-10.60456185267078,1652024014,-194309725.0,-10.52408461675195,-4730.0,-13.763603561659776,-133945277.0,-12.238620023408153,-6205.0,-9.025454545454547,-60364448.0,-8.028402287889346
2016-09-01,29945,70887,994401467,780694327,100832,8651.0,9.384797300962244,1775095794,123071780.0,7.449757325379891,309.0,1.0426508300715343,33899194.0,3.5293194980289266,8342.0,13.337596930210239,89172586.0,12.895124001603886
2016-10-01,28544,66056,976643490,742588270,94600,-6232.0,-6.180577594414471,1719231760,-55864034.0,-3.147099677032983,-1401.0,-4.678577391885119,-17757977.0,-1.7857955352352683,-4831.0,-6.815071874955914,-38106057.0,-4.8810469965154475
2016-11-01,27082,61678,907244735,685808210,88760,-5840.0,-6.173361522198729,1593052945,-126178815.0,-7.339255703373004,-1462.0,-5.121917040358747,-69398755.0,-7.105843197705641,-4378.0,-6.6277098219692405,-56780060.0,-7.646237126799749
2016-12-01,25381,58037,857844856,641353419,83418,-5342.0,-6.0184767913474495,1499198275,-93854670.0,-5.89149722202108,-1701.0,-6.28092459936489,-49399879.0,-5.445044439965807,-3641.0,-5.903239404649952,-44454791.0,-6.482102481683616
2017-01-01,26205,56234,926735097,655654762,82439,-979.0,-1.1736076146634966,1582389859,83191584.0,5.549071486224855,824.0,3.2465229896379233,68890241.0,8.030617718129673,-1803.0,-3.1066388683081536,14301343.0,2.2298693008136805
2017-02-01,28827,56583,1000285431,674078790,85410,2971.0,3.6038768058807014,1674364221,91974362.0,5.812370540476275,2622.0,10.005724098454483,73550334.0,7.936500326586859,349.0,0.620620976633357,18424028.0,2.810019703631772
2017-03-01,22413,55989,776222008,592255229,78402,-7008.0,-8.20512820512821,1368477237,-305886984.0,-18.268843789394374,-6414.0,-22.249973982724526,-224063423.0,-22.399948660253955,-594.0,-1.0497852711945255,-81823561.0,-12.138575225011905
2017-04-01,27838,72717,926703144,744746293,100555,22153.0,28.25565674345043,1671449437,302972200.0,22.139367159966874,5425.0,24.204702627939145,150481136.0,19.386352673473795,16728.0,29.87729732626052,152491064.0,25.74752514342089
2017-05-01,26135,62740,867722291,654981615,88875,-11680.0,-11.615533787479492,1522703906,-148745531.0,-8.899194178854486,-1703.0,-6.117537179395072,-58980853.0,-6.364589715905833,-9977.0,-13.720312994210438,-89764678.0,-12.053054690397769
2017-06-01,28931,68296,937804113,718689038,97227,8352.0,9.397468354430384,1656493151,133789245.0,8.786294201572776,2796.0,10.698297302467964,70081822.0,8.076526640710679,5556.0,8.85559451705451,63707423.0,9.726597135096693
2017-07-01,31835,67827,1019153457,720739448,99662,2435.0,2.504448352823796,1739892905,83399754.0,5.034717707685821,2904.0,10.03767584943487,81349344.0,8.67444947962177,-469.0,-0.6867166451915208,2050410.0,0.28529863286992363
2017-08-01,28331,62372,906844054,657619227,90703,-8959.0,-8.98938411831992,1564463281,-175429624.0,-10.082782882547592,-3504.0,-11.00675357311136,-112309403.0,-11.01987166197681,-5455.0,-8.042519940436698,-63120221.0,-8.757703102716807
2017-09-01,29644,69737,999821400,751224882,99381,8678.0,9.567489498693549,1751046282,186583001.0,11.92632663648947,1313.0,4.634499311708029,92977346.0,10.252848391064152,7365.0,11.808183159109852,93605655.0,14.234020411328396
2017-10-01,28175,59925,955788877,643188965,88100,-11281.0,-11.351264326179045,1598977842,-152068440.0,-8.68443293379495,-1469.0,-4.955471596275807,-44032523.0,-4.404038861340631,-9812.0,-14.070005879231973,-108035917.0,-14.381301736488538
2017-11-01,27886,63917,967866431,696489631,91803,3703.0,4.2031782065834244,1664356062,65378220.0,4.088750843365352,-289.0,-1.0257320319432162,12077554.0,1.2636215267443518,3992.0,6.661660408844394,53300666.0,8.286937261120464
2017-12-01,24970,57147,861135057,641563065,82117,-9686.0,-10.550853457947994,1502698122,-161657940.0,-9.712942061552688,-2916.0,-10.456860073154983,-106731374.0,-11.027490011170771,-6770.0,-10.591861320149565,-54926566.0,-7.886200103386754
2018-01-01,24944,51261,868882914,578032505,76205,-5912.0,-7.1994836635532184,1446915419,-55782703.0,-3.71216960900681,-26.0,-0.10412494993993215,7747857.0,0.8997261157839498,-5886.0,-10.299753267888079,-63530560.0,-9.902465317263864
2018-02-01,28607,55276,1020767142,652390067,83883,7678.0,10.075454366511384,1673157209,226241790.0,15.636144796657248,3663.0,14.684894162924955,151884228.0,17.480402198356494,4015.0,7.832465226975671,74357562.0,12.863906675974901
2018-03-01,21448,54539,738782711,584178507,75987,-7896.0,-9.413111119058692,1322961218,-350195991.0,-20.93025025480436,-7159.0,-25.025343447407977,-281984431.0,-27.62475587208899,-737.0,-1.3333092119545586,-68211560.0,-10.455640490308083
2018-04-01,26914,67288,894044008,707459045,94202,18215.0,23.97120560095807,1601503053,278541835.0,21.054421793337852,5466.0,25.48489369638194,155261297.0,21.015827074491455,12749.0,23.375932818716883,123280538.0,21.103230694517826
2018-05-01,26729,66047,912292887,700677043,92776,-1426.0,-1.5137682851744105,1612969930,11466877.0,0.7160071895286002,-185.0,-0.6873746005796266,18248879.0,2.041161155011073,-1241.0,-1.8443110212816527,-6782002.0,-0.9586423479821415
2018-06-01,30967,67515,974812847,727531733,98482,5706.0,6.150297490730372,1702344580,89374650.0,5.540999143114833,4238.0,15.855437913876314,62519960.0,6.853057925902695,1468.0,2.2226596211788685,26854690.0,3.8326773038002804
2018-07-01,31779,64600,1051832066,729899558,96379,-2103.0,-2.1354156089437693,1781731624,79387044.0,4.66339452850375,812.0,2.622146155584981,77019219.0,7.900923673403337,-2915.0,-4.317559060949416,2367825.0,0.3254600304836375
2018-08-01,30342,67117,1022752575,759245612,97459,1080.0,1.1205760591000091,1781998187,266563.0,0.014960895143212305,-1437.0,-4.521854054564334,-29079491.0,-2.764651500936466,2517.0,3.8962848297213526,29346054.0,4.020560593352207
2018-09-01,30188,69867,1064196448,785536949,100055,2596.0,2.663684215926687,1849733397,67735210.0,3.801081869450851,-154.0,-0.5075472941796888,41443873.0,4.0521895532748875,2750.0,4.097322585932028,26291337.0,3.4628237008500484
2018-10-01,27180,58483,936629687,672015932,85663,-14392.0,-14.384088751186852,1608645619,-241087778.0,-13.033650059571256,-3008.0,-9.964224195044391,-127566761.0,-11.987144031512498,-11384.0,-16.29381539210214,-113521017.0,-14.451391133735203
2018-11-01,28879,66603,1009595823,769511706,95482,9819.0,11.462358311056109,1779107529,170461910.0,10.596610464520207,1699.0,6.250919793966148,72966136.0,7.790286493449572,8120.0,13.88437665646427,97495774.0,14.507955742930223
2018-12-01,24846,57480,877595733,678286668,82326,-13156.0,-13.778513227624057,1555882401,-223225128.0,-12.547028460133058,-4033.0,-13.96516499878805,-132000090.0,-13.074547952047144,-9123.0,-13.69758119003649,-91225038.0,-11.854925310259024
2019-01-01,26350,53781,953848511,637432990,80131,-2195.0,-2.666229380754559,1591281501,35399100.0,2.275178379628695,1504.0,6.053288255654832,76252778.0,8.688827341871308,-3699.0,-6.435281837160756,-40853678.0,-6.023069585085816
2019-02-01,31090,58907,1132044244,728500177,89997,9866.0,12.312338545631519,1860544421,269262920.0,16.92113682153589,4740.0,17.988614800759017,178195733.0,18.68176455118458,5126.0,9.53124709469888,91067187.0,14.286550653740093
2019-03-01,21694,52578,763740318,611220842,74272,-15725.0,-17.47280464904386,1374961160,-485583261.0,-26.098987775793614,-9396.0,-30.221936313927312,-368303926.0,-32.53441090770654,-6329.0,-10.744054187108498,-117279335.0,-16.098738024054036
2019-04-01,26485,67022,912994576,726850233,93507,19235.0,25.89805040930633,1639844809,264883649.0,19.264809560147867,4791.0,22.084447312621002,149254258.0,19.54254011243648,14444.0,27.471566054243212,115629391.0,18.917776203711334
2019-05-01,30044,70469,1031766223,789665397,100513,7006.0,7.492487193472153,1821431620,181586811.0,11.073414386739078,3559.0,13.437794978289608,118771647.0,13.009020001012583,3447.0,5.143087344454056,62815164.0,8.642105505110287
2019-06-01,29396,69242,998392416,803918059,98638,-1875.0,-1.8654303423437768,1802310475,-19121145.0,-1.0497865958865926,-648.0,-2.156836639595261,-33373807.0,-3.2346287614418268,-1227.0,-1.741191162071265,14252662.0,1.8048988918783815
2019-07-01,29142,63122,1023455424,745753203,92264,-6374.0,-6.462012611772339,1769208627,-33101848.0,-1.8366340571815187,-254.0,-0.8640631378418862,25063008.0,2.510336376593636,-6120.0,-8.838566188151697,-58164856.0,-7.2351722105051035
2019-08-01,30821,68577,1101287239,825296531,99398,7134.0,7.732159889014123,1926583770,157375143.0,8.895228103587582,1679.0,5.761443964038149,77831815.0,7.604807515290468,5455.0,8.641994867082792,79543328.0,10.66617316291969
2019-09-01,28399,67159,1012102960,793732403,95558,-3840.0,-3.8632568059719485,1805835363,-120748407.0,-6.26748802103736,-2422.0,-7.8582784465137445,-89184279.0,-8.098185091201259,-1418.0,-2.067748662087876,-31564128.0,-3.8245802344224367
2019-10-01,29591,62846,1068228890,744093843,92437,-3121.0,-3.266079239833397,1812322733,6487370.0,0.35924482003844016,1192.0,4.197330891932816,56125930.0,5.545476321895149,-4313.0,-6.422072990961746,-49638560.0,-6.253815494036219
2019-11-01,28967,66581,1055208739,819198662,95548,3111.0,3.365535445763057,1874407401,62084668.0,3.425696034680814,-624.0,-2.108749281876243,-13020151.0,-1.2188540416651739,3735.0,5.9430990039143206,75104819.0,10.093460617439899
2019-12-01,23573,55334,868580552,685903924,78907,-16641.0,-17.41637710888768,1554484476,-319922925.0,-17.067950373505802,-5394.0,-18.62118962957848,-186628187.0,-17.68637617395623,-11247.0,-16.89220648533365,-133294738.0,-16.27135689828556
2020-01-01,24839,55489,920768845,695161427,80328,1421.0,1.8008541700989866,1615930272,61445796.0,3.952808596590973,1266.0,5.370551054172146,52188293.0,6.00845746313694,155.0,0.2801171070228037,9257503.0,1.349679259161074
2020-02-01,27704,57577,1045539743,727641906,85281,4953.0,6.165969524947723,1773181649,157251377.0,9.731321934168214,2865.0,11.534280768146864,124770898.0,13.550729770836245,2088.0,3.7629079637405694,32480479.0,4.6723649699855985
2020-03-01,22344,55032,802833375,660514435,77376,-7905.0,-9.269356597600876,1463347810,-309833839.0,-17.473327629728928,-5360.0,-19.347386658966215,-242706368.0,-23.213499976920538,-2545.0,-4.420167775326956,-67127471.0,-9.225344286314375
2020-04-01,23873,58963,853033479,734371921,82836,5460.0,7.056451612903225,1587405400,124057590.0,8.477655766608216,1529.0,6.843000358037954,50200104.0,6.252867103338855,3931.0,7.1431167320831435,73857486.0,11.181812551908887
2020-05-01,13700,29420,495796657,372792902,43120,-39716.0,-47.945337775846255,868589559,-718815841.0,-45.28243642109319,-10173.0,-42.612993758639476,-357236822.0,-41.87840580639157,-29543.0,-50.10430269830233,-361579019.0,-49.2364983818601
2020-06-01,14835,37572,518292774,403317249,52407,9287.0,21.537569573283854,921610023,53020464.0,6.104202318646568,1135.0,8.28467153284671,22496117.0,4.5373676248890105,8152.0,27.70904146838886,30524347.0,8.188017217130383
2020-07-01,23704,63395,821297823,699671992,87099,34692.0,66.19726372431163,1520969815,599359792.0,65.03399236577097,8869.0,59.78429389956186,303005049.0,58.4621403577585,25823.0,68.72937293729373,296354743.0,73.47931280767017
2020-08-01,26190,61905,995093228,746109876,88095,996.0,1.1435263321048383,1741203104,220233289.0,14.47979353883495,2486.0,10.48768140398244,173795405.0,21.16106972805163,-1490.0,-2.3503430869942443,46437884.0,6.637093456786536
2020-09-01,27372,59328,1033767509,696083170,86700,-1395.0,-1.5835177932913336,1729850679,-11352425.0,-0.6519874088163791,1182.0,4.51317296678122,38674281.0,3.886498260844351,-2577.0,-4.162830142960994,-50026706.0,-6.705005202209657
2020-10-01,27733,54035,1063945651,649440784,81768,-4932.0,-5.688581314878894,1713386435,-16464244.0,-0.9517725546992151,361.0,1.3188659944468828,30178142.0,2.9192387782812412,-5293.0,-8.92158845738943,-46642386.0,-6.700691527996572
2020-11-01,24777,49328,937336920,596988709,74105,-7663.0,-9.371636826142261,1534325629,-179060806.0,-10.450695905036744,-2956.0,-10.658781956513897,-126608731.0,-11.899924670118322,-4707.0,-8.711020634773758,-52452075.0,-8.076498472568982
2020-12-01,25187,46598,966657333,613844483,71785,-2320.0,-3.130692935699342,1580501816,46176187.0,3.0095428328402063,410.0,1.6547604633329271,29320413.0,3.1280548513975104,-2730.0,-5.534382095361656,16855774.0,2.8234661302446895
2021-01-01,28061,44427,1256023978,620534357,72488,703.0,0.9793132269972915,1876558335,296056519.0,18.73180505095984,2874.0,11.41064835033947,289366645.0,29.934769552924912,-2171.0,-4.65899824026782,6689874.0,1.0898320641907544
2021-02-01,21674,47934,834312337,622526750,69608,-2880.0,-3.9730714049221905,1456839087,-419719248.0,-22.366437545358796,-6387.0,-22.761127543565806,-421711641.0,-33.57512662071169,3507.0,7.893848335471665,1992393.0,0.32107698429983955
2021-03-01,20579,42306,797908033,556318165,62885,-6723.0,-9.658372600850473,1354226198,-102612889.0,-7.043529372300538,-1095.0,-5.052136200055369,-36404304.0,-4.363390349818119,-5628.0,-11.741144073100518,-66208585.0,-10.635460243274686
2021-04-01,34794,66410,1267127282,848644184,101204,38319.0,60.935040152659624,2115771466,761545268.0,56.234716853410035,14215.0,69.07527090723553,469219249.0,58.80618186482152,24104.0,56.975369923887875,292326019.0,52.546552924440284
2021-05-01,32730,63931,1213808079,863507284,96661,-4543.0,-4.488953005810048,2077315363,-38456103.0,-1.8175924771640761,-2064.0,-5.932057251250211,-53319203.0,-4.207880593955993,-2479.0,-3.732871555488626,14863100.0,1.751393608796592
2021-06-01,33788,60551,1295819889,842208559,94339,-2322.0,-2.4022097847115176,2138028448,60713085.0,2.922670581529796,1058.0,3.232508402077605,82011810.0,6.756571439824799,-3380.0,-5.286949992961166,-21298725.0,-2.4665368080438843
2021-07-01,28039,55978,1120989909,839454924,84017,-10322.0,-10.941392213188605,1960444833,-177583615.0,-8.305951923423615,-5749.0,-17.014916538416003,-174829980.0,-13.49184261517381,-4573.0,-7.552311274793144,-2753635.0,-0.3269540508196167
2021-08-01,25779,57859,1048930976,862659646,83638,-379.0,-0.45109918230834545,1911590622,-48854211.0,-2.491996213188008,-2260.0,-8.06020186169264,-72058933.0,-6.428151798822301,1881.0,3.360248669120014,23204722.0,2.7642606334869813
2021-09-01,23233,57280,994080847,855687944,80513,-3125.0,-3.7363399411750597,1849768791,-61821831.0,-3.234051804215221,-2546.0,-9.876255867178706,-54850129.0,-5.229145697380955,-579.0,-1.0007086192295067,-6971702.0,-0.808163686840635
2021-10-01,20975,54004,902795955,832349702,74979,-5534.0,-6.8734241675257435,1735145657,-114623134.0,-6.196619521190739,-2258.0,-9.718934274523306,-91284892.0,-9.182843857769251,-3276.0,-5.719273743016762,-23338242.0,-2.7274244265851233
2021-11-01,20843,52045,905018365,821046399,72888,-2091.0,-2.788780858640416,1726064764,-9080893.0,-0.5233504728185512,-132.0,-0.6293206197854562,2222410.0,0.2461696895839527,-1959.0,-3.627509073401969,-11303303.0,-1.3579992847765787
2021-12-01,20511,47276,909588132,844991836,67787,-5101.0,-6.998408517177035,1754579968,28515204.0,1.6520355779651386,-332.0,-1.5928609125365867,4569767.0,0.5049363832522857,-4769.0,-9.163224132961856,23945437.0,2.916453568174049
2022-01-01,22677,42812,1028505727,743190343,65489,-2298.0,-3.390030536828592,1771696070,17116102.0,0.9755099403939038,2166.0,10.560187216615468,118917595.0,13.073784806154443,-4464.0,-9.442423216854223,-101801493.0,-12.04763036314117
2022-02-01,19160,40497,847214025,694097721,59657,-5832.0,-8.905312342530802,1541311746,-230384324.0,-13.003603038979483,-3517.0,-15.509106142787843,-181291702.0,-17.62670807179667,-2315.0,-5.407362421750916,-49092622.0,-6.605659298778055
2022-03-01,21769,46442,938361276,809993384,68211,8554.0,14.338635868380912,1748354660,207042914.0,13.43290314482557,2609.0,13.616910229645086,91147251.0,10.758468145047528,5945.0,14.680099760476084,115895663.0,16.69731213539023
2022-04-01,26148,57453,1121118314,934785809,83601,15390.0,22.562343317060307,2055904123,307549463.0,17.590793792376203,4379.0,20.115760944462302,182757038.0,19.476191385374264,11011.0,23.709142586451915,124792425.0,15.406598061793542
2022-05-01,23756,51670,980797747,879511928,75426,-8175.0,-9.778591165177453,1860309675,-195594448.0,-9.513792292735236,-2392.0,-9.147927183723425,-140320567.0,-12.516124770039216,-5783.0,-10.065618853671698,-55273881.0,-5.912999584271605
2022-06-01,23162,51373,990610106,899660891,74535,-891.0,-1.18129027125925,1890270997,29961322.0,1.610555618918652,-594.0,-2.5004209462872518,9812359.0,1.0004467312464183,-297.0,-0.5748016257015709,20148963.0,2.2909254961235748
2022-07-01,22954,47829,1009601998,815244816,70783,-3752.0,-5.0338767022204305,1824846814,-65424183.0,-3.46110071539123,-208.0,-0.8980226232622401,18991892.0,1.917191424251441,-3544.0,-6.898565394273259,-84416075.0,-9.383099326032617
2022-08-01,22001,49295,975230778,832744192,71296,513.0,0.7247502931494898,1807974970,-16871844.0,-0.9245622082117433,-953.0,-4.151781824518608,-34371220.0,-3.4044326445558437,1466.0,3.0650860356687293,17499376.0,2.1465179117434507
2022-09-01,22594,49861,1040810389,827552546,72455,1159.0,1.6256171454219093,1868362935,60387965.0,3.3400885522214985,593.0,2.695332030362252,65579611.0,6.724522285329271,566.0,1.1481894715488439,-5191646.0,-0.6234382719057185
2022-10-01,22941,48298,1096319386,838767438,71239,-1216.0,-1.6782830722517406,1935086824,66723889.0,3.5712488055753555,347.0,1.5358059661857215,55508997.0,5.333247783328954,-1563.0,-3.134714506327596,11214892.0,1.3551879036814762
2022-11-01,22255,47325,1060091844,804805365,69580,-1659.0,-2.3287805836690545,1864897209,-70189615.0,-3.6272075304048523,-686.0,-2.9902794124057386,-36227542.0,-3.3044697067867057,-973.0,-2.014576172926419,-33962073.0,-4.049045237256809
2022-12-01,21117,43345,993531237,734729853,64462,-5118.0,-7.355561943087096,1728261090,-136636119.0,-7.326737277561124,-1138.0,-5.113457649966302,-66560607.0,-6.278758522360639,-3980.0,-8.40993132593767,-70075512.0,-8.707137781070829
2023-01-01,23025,40906,1120587035,718545405,63931,-531.0,-0.823741118798671,1839132440,110871350.0,6.415196791822697,1908.0,9.035374342946433,127055798.0,12.788304309751663,-2439.0,-5.62694659130234,-16184448.0,-2.2027753376178683
2023-02-01,21037,45543,992034915,762502754,66580,2649.0,4.143529743004182,1754537669,-84594771.0,-4.599710665752821,-1988.0,-8.634093376764385,-128552120.0,-11.471855017490896,4637.0,11.335745367427762,43957349.0,6.11754646179945
2023-03-01,20893,44320,960384917,712901541,65213,-1367.0,-2.0531691198558133,1673286458,-81251211.0,-4.6309185853108055,-144.0,-0.6845082473736719,-31649998.0,-3.190411700378515,-1223.0,-2.685374261686757,-49601213.0,-6.50505361978011
2023-04-01,28023,53557,1245687446,872419947,81580,16367.0,25.09775658227653,2118107393,444820935.0,26.583669094631503,7130.0,34.12626238453071,285302529.0,29.707102220140346,9237.0,20.841606498194952,159518406.0,22.375937885649776
2023-05-01,25918,48230,1136414635,775889223,74148,-7432.0,-9.110075999019362,1912303858,-205803535.0,-9.716388115170515,-2105.0,-7.511686828676445,-109272811.0,-8.77208896588655,-5327.0,-9.946412233694947,-96530724.0,-11.0647084964003
2023-06-01,28372,51416,1234582275,855515371,79788,5640.0,7.606408804013598,2090097646,177793788.0,9.297360733557646,2454.0,9.468323173084347,98167640.0,8.638364640560958,3186.0,6.605846983205477,79626148.0,10.262566567444132
2023-07-01,27001,50613,1214340987,814275863,77614,-2174.0,-2.724720509349776,2028616850,-61480796.0,-2.941527450531367,-1371.0,-4.832228958127727,-20241288.0,-1.6395252394175164,-803.0,-1.5617706550490107,-41239508.0,-4.820428644291419
2023-08-01,26360,49502,1196918451,887723892,75862,-1752.0,-2.2573247094596294,2084642343,56025493.0,2.7617582393639317,-641.0,-2.3739861486611558,-17422536.0,-1.4347317752192446,-1111.0,-2.1950882184418985,73448029.0,9.020042511072202
2023-09-01,25876,52725,1222581892,908454060,78601,2739.0,3.610503282275701,2131035952,46393609.0,2.2254948987189493,-484.0,-1.836115326251897,25663441.0,2.144126108053457,3223.0,6.5108480465435825,20730168.0,2.3352044691842044
2023-10-01,23892,45386,1134437699,744676584,69278,-9323.0,-11.861172249716923,1879114283,-251921669.0,-11.821558841537549,-1984.0,-7.6673365280568895,-88144193.0,-7.209675979725705,-7339.0,-13.919393077287811,-163777476.0,-18.028151693218252
2023-11-01,23775,45473,1122680147,740582533,69248,-30.0,-0.04330379052512878,1863262680,-15851603.0,-0.8435677991171953,-117.0,-0.4897036664992416,-11757552.0,-1.0364211283144242,87.0,0.19168906711319877,-4094051.0,-0.5497757131033953
